{"cpu_time": 0, "total_cpu_time": null, "wallclock_time": 0.0001761913299560547, "evaluations": 0, "cost": 2147483648, "incumbent": ["clustering_choice=''KMeans''", "n_clusters___KMeans='5'"]}
{"cpu_time": 180.1014575958252, "total_cpu_time": null, "wallclock_time": 180.12177538871765, "evaluations": 1, "cost": 2147483647.0, "incumbent": ["clustering_choice=''KMeans''", "n_clusters___KMeans='5'"]}
{"cpu_time": 183.08273243904114, "total_cpu_time": null, "wallclock_time": 183.3709647655487, "evaluations": 5, "cost": 0.1997518195096691, "incumbent": ["clustering_choice=''DBSCAN''", "eps___DBSCAN='0.8060641411534598'", "min_samples___DBSCAN='67'"]}
{"cpu_time": 189.1718020439148, "total_cpu_time": null, "wallclock_time": 190.5046820640564, "evaluations": 18, "cost": 0.1990467963131141, "incumbent": ["clustering_choice=''DBSCAN''", "eps___DBSCAN='0.8084106384154612'", "min_samples___DBSCAN='55'"]}
{"cpu_time": 1095.194322347641, "total_cpu_time": null, "wallclock_time": 1097.8986837863922, "evaluations": 34, "cost": 0.19854392084160577, "incumbent": ["clustering_choice=''DBSCAN''", "eps___DBSCAN='0.8866876380651459'", "min_samples___DBSCAN='92'"]}
{"cpu_time": 1096.2778327465057, "total_cpu_time": null, "wallclock_time": 1099.2614858150482, "evaluations": 38, "cost": 0.1980421370420599, "incumbent": ["clustering_choice=''DBSCAN''", "eps___DBSCAN='0.8866876380651459'", "min_samples___DBSCAN='80'"]}
{"cpu_time": 1276.7104783058167, "total_cpu_time": null, "wallclock_time": 1279.8393397331238, "evaluations": 40, "cost": 0.19757546663661862, "incumbent": ["clustering_choice=''DBSCAN''", "eps___DBSCAN='0.9184611926764041'", "min_samples___DBSCAN='85'"]}
{"cpu_time": 1461.3750703334808, "total_cpu_time": null, "wallclock_time": 1465.262903213501, "evaluations": 50, "cost": 0.19713997148355164, "incumbent": ["clustering_choice=''DBSCAN''", "eps___DBSCAN='1.01614237884401'", "min_samples___DBSCAN='100'"]}
{"cpu_time": 1463.5389981269836, "total_cpu_time": null, "wallclock_time": 1468.0751931667328, "evaluations": 58, "cost": 0.19672549111953333, "incumbent": ["clustering_choice=''DBSCAN''", "eps___DBSCAN='1.041503110446454'", "min_samples___DBSCAN='92'"]}
