{"ta_runs": 80, "wallclock_time_used": 2171.034403562546, "ta_time_used": 2165.5590813159943, "inc_changed": 2, "_n_configs_per_intensify": 78, "_n_calls_of_intensify": 32, "_ema_n_configs_per_intensifiy": 2.169784939227921, "_EMA_ALPHA": 0.2}