{"ta_runs": 80, "wallclock_time_used": 3609.4826757907867, "ta_time_used": 3604.158690929413, "inc_changed": 5, "_n_configs_per_intensify": 78, "_n_calls_of_intensify": 32, "_ema_n_configs_per_intensifiy": 2.2521692722401836, "_EMA_ALPHA": 0.2}