{"ta_runs": 80, "wallclock_time_used": 3281.9233396053314, "ta_time_used": 3275.265303373337, "inc_changed": 5, "_n_configs_per_intensify": 79, "_n_calls_of_intensify": 39, "_ema_n_configs_per_intensifiy": 2.0000519229685856, "_EMA_ALPHA": 0.2}