{"cpu_time": 0, "total_cpu_time": null, "wallclock_time": 0.00020694732666015625, "evaluations": 0, "cost": 2147483648, "incumbent": ["clustering_choice=''KMeans''", "n_clusters___KMeans='5'"]}
{"cpu_time": 180.10690188407898, "total_cpu_time": null, "wallclock_time": 180.12683010101318, "evaluations": 1, "cost": 2147483647.0, "incumbent": ["clustering_choice=''KMeans''", "n_clusters___KMeans='5'"]}
{"cpu_time": 180.7148413658142, "total_cpu_time": null, "wallclock_time": 180.8643581867218, "evaluations": 2, "cost": 0.382286843783422, "incumbent": ["clustering_choice=''DBSCAN''", "eps___DBSCAN='2.391717875326536'", "min_samples___DBSCAN='90'"]}
{"cpu_time": 189.4815046787262, "total_cpu_time": null, "wallclock_time": 190.00834846496582, "evaluations": 6, "cost": 0.3822324032957792, "incumbent": ["clustering_choice=''OPTICS''", "cluster_method___OPTICS=''xi''", "metric___OPTICS=''manhattan''", "min_samples___OPTICS='68'"]}
{"cpu_time": 751.1625258922577, "total_cpu_time": null, "wallclock_time": 753.252031326294, "evaluations": 26, "cost": 0.3821948258893096, "incumbent": ["clustering_choice=''DBSCAN''", "eps___DBSCAN='3.1287886826629516'", "min_samples___DBSCAN='95'"]}
{"cpu_time": 1482.064025402069, "total_cpu_time": null, "wallclock_time": 1485.8070187568665, "evaluations": 46, "cost": 0.37574437657408843, "incumbent": ["clustering_choice=''DBSCAN''", "eps___DBSCAN='3.543816487808511'", "min_samples___DBSCAN='77'"]}
{"cpu_time": 1482.8109993934631, "total_cpu_time": null, "wallclock_time": 1486.6954135894775, "evaluations": 48, "cost": 0.3697196402206446, "incumbent": ["clustering_choice=''DBSCAN''", "eps___DBSCAN='3.4310599686704544'", "min_samples___DBSCAN='76'"]}
{"cpu_time": 2228.03963804245, "total_cpu_time": null, "wallclock_time": 2234.0937101840973, "evaluations": 75, "cost": 0.36200127394494147, "incumbent": ["clustering_choice=''Birch''", "branching_factor___Birch='442'", "n_clusters___Birch='12'"]}
