{"ta_runs": 80, "wallclock_time_used": 3068.8746383190155, "ta_time_used": 3063.9668827056885, "inc_changed": 9, "_n_configs_per_intensify": 75, "_n_calls_of_intensify": 28, "_ema_n_configs_per_intensifiy": 2.613599686352333, "_EMA_ALPHA": 0.2}