{"ta_runs": 80, "wallclock_time_used": 2352.091555595398, "ta_time_used": 2346.6718831062317, "inc_changed": 4, "_n_configs_per_intensify": 79, "_n_calls_of_intensify": 32, "_ema_n_configs_per_intensifiy": 2.736961849919716, "_EMA_ALPHA": 0.2}