{"ta_runs": 80, "wallclock_time_used": 84.92050957679749, "ta_time_used": 75.64209055900574, "inc_changed": 5, "_n_configs_per_intensify": 78, "_n_calls_of_intensify": 36, "_ema_n_configs_per_intensifiy": 2.344371679011811, "_EMA_ALPHA": 0.2}