{"ta_runs": 80, "wallclock_time_used": 3621.0171840190887, "ta_time_used": 3614.6450436115265, "inc_changed": 3, "_n_configs_per_intensify": 78, "_n_calls_of_intensify": 35, "_ema_n_configs_per_intensifiy": 2.116095332941373, "_EMA_ALPHA": 0.2}