{"cpu_time": 0, "total_cpu_time": null, "wallclock_time": 0.00024056434631347656, "evaluations": 0, "cost": 2147483648, "incumbent": ["clustering_choice=''KMeans''", "n_clusters___KMeans='5'"]}
{"cpu_time": 180.1082112789154, "total_cpu_time": null, "wallclock_time": 180.13536429405212, "evaluations": 1, "cost": 2147483647.0, "incumbent": ["clustering_choice=''KMeans''", "n_clusters___KMeans='5'"]}
{"cpu_time": 365.2512128353119, "total_cpu_time": null, "wallclock_time": 365.7915759086609, "evaluations": 7, "cost": 0.3965912225225902, "incumbent": ["clustering_choice=''DBSCAN''", "eps___DBSCAN='2.1256564043381108'", "min_samples___DBSCAN='26'"]}
{"cpu_time": 1102.2743101119995, "total_cpu_time": null, "wallclock_time": 1104.3267583847046, "evaluations": 24, "cost": 0.3340391439961408, "incumbent": ["clustering_choice=''DBSCAN''", "eps___DBSCAN='2.659827912298168'", "min_samples___DBSCAN='23'"]}
{"cpu_time": 1465.377876996994, "total_cpu_time": null, "wallclock_time": 1468.0542197227478, "evaluations": 32, "cost": 0.3183262503487862, "incumbent": ["clustering_choice=''DBSCAN''", "eps___DBSCAN='3.108087890698971'", "min_samples___DBSCAN='28'"]}
