{"cpu_time": 0, "total_cpu_time": null, "wallclock_time": 0.00019884109497070312, "evaluations": 0, "cost": 2147483648, "incumbent": ["clustering_choice=''KMeans''", "n_clusters___KMeans='5'"]}
{"cpu_time": 5.925736665725708, "total_cpu_time": null, "wallclock_time": 5.944213151931763, "evaluations": 1, "cost": 0.35472076364049515, "incumbent": ["clustering_choice=''KMeans''", "n_clusters___KMeans='5'"]}
{"cpu_time": 26.613935708999634, "total_cpu_time": null, "wallclock_time": 28.330714464187622, "evaluations": 24, "cost": 0.34750241810705523, "incumbent": ["clustering_choice=''DBSCAN''", "eps___DBSCAN='3.4702097253394584'", "min_samples___DBSCAN='16'"]}
{"cpu_time": 27.908498287200928, "total_cpu_time": null, "wallclock_time": 29.759594440460205, "evaluations": 26, "cost": 0.3360882170487874, "incumbent": ["clustering_choice=''DBSCAN''", "eps___DBSCAN='3.722824567847491'", "min_samples___DBSCAN='14'"]}
{"cpu_time": 28.379196643829346, "total_cpu_time": null, "wallclock_time": 30.38939666748047, "evaluations": 28, "cost": 0.3333797789477661, "incumbent": ["clustering_choice=''DBSCAN''", "eps___DBSCAN='4.843182315515979'", "min_samples___DBSCAN='23'"]}
{"cpu_time": 29.209275722503662, "total_cpu_time": null, "wallclock_time": 31.366655111312866, "evaluations": 30, "cost": 0.3315971416324052, "incumbent": ["clustering_choice=''DBSCAN''", "eps___DBSCAN='4.391551337274168'", "min_samples___DBSCAN='70'"]}
{"cpu_time": 34.37213182449341, "total_cpu_time": null, "wallclock_time": 37.88902759552002, "evaluations": 48, "cost": 0.3306335666234789, "incumbent": ["clustering_choice=''DBSCAN''", "eps___DBSCAN='4.477381536195547'", "min_samples___DBSCAN='78'"]}
{"cpu_time": 43.04674577713013, "total_cpu_time": null, "wallclock_time": 48.29567098617554, "evaluations": 70, "cost": 0.3301963804272253, "incumbent": ["clustering_choice=''DBSCAN''", "eps___DBSCAN='4.477381536195547'", "min_samples___DBSCAN='68'"]}
{"cpu_time": 55.94608211517334, "total_cpu_time": null, "wallclock_time": 61.975306034088135, "evaluations": 80, "cost": 0.3287963564086562, "incumbent": ["clustering_choice=''DBSCAN''", "eps___DBSCAN='4.49513687003501'", "min_samples___DBSCAN='45'"]}
