{"ta_runs": 80, "wallclock_time_used": 3430.6028277873993, "ta_time_used": 3424.7825379371643, "inc_changed": 5, "_n_configs_per_intensify": 79, "_n_calls_of_intensify": 35, "_ema_n_configs_per_intensifiy": 2.289581777906198, "_EMA_ALPHA": 0.2}