{"ta_runs": 80, "wallclock_time_used": 4338.21698307991, "ta_time_used": 4332.192417621613, "inc_changed": 7, "_n_configs_per_intensify": 78, "_n_calls_of_intensify": 38, "_ema_n_configs_per_intensifiy": 2.0437877144073715, "_EMA_ALPHA": 0.2}