{"ta_runs": 80, "wallclock_time_used": 3256.0074396133423, "ta_time_used": 3249.3921151161194, "inc_changed": 8, "_n_configs_per_intensify": 78, "_n_calls_of_intensify": 34, "_ema_n_configs_per_intensifiy": 2.229515701085069, "_EMA_ALPHA": 0.2}