{"cpu_time": 0, "total_cpu_time": null, "wallclock_time": 0.00015687942504882812, "evaluations": 0, "cost": 2147483648, "incumbent": ["clustering_choice=''KMeans''", "n_clusters___KMeans='5'"]}
{"cpu_time": 180.08334493637085, "total_cpu_time": null, "wallclock_time": 180.09771585464478, "evaluations": 1, "cost": 2147483647.0, "incumbent": ["clustering_choice=''KMeans''", "n_clusters___KMeans='5'"]}
{"cpu_time": 181.01224327087402, "total_cpu_time": null, "wallclock_time": 181.29378151893616, "evaluations": 5, "cost": 0.35503041548344744, "incumbent": ["clustering_choice=''DBSCAN''", "eps___DBSCAN='0.8060641411534598'", "min_samples___DBSCAN='67'"]}
{"cpu_time": 902.2717282772064, "total_cpu_time": null, "wallclock_time": 903.9075129032135, "evaluations": 21, "cost": 0.29043540734923573, "incumbent": ["clustering_choice=''DBSCAN''", "eps___DBSCAN='0.9113820295628684'", "min_samples___DBSCAN='76'"]}
{"cpu_time": 1082.9337012767792, "total_cpu_time": null, "wallclock_time": 1085.0406031608582, "evaluations": 27, "cost": 0.27207447818119573, "incumbent": ["clustering_choice=''DBSCAN''", "eps___DBSCAN='1.0282506339980406'", "min_samples___DBSCAN='97'"]}
{"cpu_time": 1083.0309154987335, "total_cpu_time": null, "wallclock_time": 1085.1802651882172, "evaluations": 29, "cost": 0.2709531696505552, "incumbent": ["clustering_choice=''DBSCAN''", "eps___DBSCAN='0.9933263600312023'", "min_samples___DBSCAN='91'"]}
{"cpu_time": 1083.1119151115417, "total_cpu_time": null, "wallclock_time": 1085.4832260608673, "evaluations": 30, "cost": 0.2708083839497236, "incumbent": ["clustering_choice=''DBSCAN''", "eps___DBSCAN='1.0342328081992724'", "min_samples___DBSCAN='95'"]}
{"cpu_time": 1443.4109015464783, "total_cpu_time": null, "wallclock_time": 1446.1437904834747, "evaluations": 36, "cost": 0.23269529394199662, "incumbent": ["clustering_choice=''AgglomerativeClustering''", "affinity___AgglomerativeClustering=''manhattan''", "linkage___AgglomerativeClustering=''complete''", "n_clusters___AgglomerativeClustering='7'"]}
{"cpu_time": 2346.8228306770325, "total_cpu_time": null, "wallclock_time": 2351.595253944397, "evaluations": 62, "cost": 0.16221350338723958, "incumbent": ["clustering_choice=''Birch''", "branching_factor___Birch='370'", "n_clusters___Birch='51'"]}
