{"ta_runs": 80, "wallclock_time_used": 2942.5446684360504, "ta_time_used": 2935.396883249283, "inc_changed": 5, "_n_configs_per_intensify": 79, "_n_calls_of_intensify": 39, "_ema_n_configs_per_intensifiy": 2.0214748364800004, "_EMA_ALPHA": 0.2}