{"cpu_time": 0, "total_cpu_time": null, "wallclock_time": 0.00019621849060058594, "evaluations": 0, "cost": 2147483648, "incumbent": ["clustering_choice=''KMeans''", "n_clusters___KMeans='5'"]}
{"cpu_time": 180.10887026786804, "total_cpu_time": null, "wallclock_time": 180.12438821792603, "evaluations": 1, "cost": 2147483647.0, "incumbent": ["clustering_choice=''KMeans''", "n_clusters___KMeans='5'"]}
{"cpu_time": 542.791175365448, "total_cpu_time": null, "wallclock_time": 543.2738571166992, "evaluations": 7, "cost": 0.36967167789274097, "incumbent": ["clustering_choice=''DBSCAN''", "eps___DBSCAN='2.1256564043381108'", "min_samples___DBSCAN='26'"]}
{"cpu_time": 907.1597697734833, "total_cpu_time": null, "wallclock_time": 908.7883677482605, "evaluations": 18, "cost": 0.3483607523625228, "incumbent": ["clustering_choice=''DBSCAN''", "eps___DBSCAN='2.582956549168275'", "min_samples___DBSCAN='70'"]}
{"cpu_time": 1099.75484085083, "total_cpu_time": null, "wallclock_time": 1101.7945349216461, "evaluations": 22, "cost": 0.3377727555213197, "incumbent": ["clustering_choice=''DBSCAN''", "eps___DBSCAN='4.086582879005237'", "min_samples___DBSCAN='54'"]}
{"cpu_time": 2737.7587890625, "total_cpu_time": null, "wallclock_time": 2743.5211079120636, "evaluations": 65, "cost": 0.3364275282937998, "incumbent": ["clustering_choice=''DBSCAN''", "eps___DBSCAN='3.6648614575252085'", "min_samples___DBSCAN='11'"]}
