{"cpu_time": 0, "total_cpu_time": null, "wallclock_time": 0.00018167495727539062, "evaluations": 0, "cost": 2147483648, "incumbent": ["clustering_choice=''KMeans''", "n_clusters___KMeans='5'"]}
{"cpu_time": 180.10612273216248, "total_cpu_time": null, "wallclock_time": 180.1212019920349, "evaluations": 1, "cost": 2147483647.0, "incumbent": ["clustering_choice=''KMeans''", "n_clusters___KMeans='5'"]}
{"cpu_time": 542.5581929683685, "total_cpu_time": null, "wallclock_time": 543.0326209068298, "evaluations": 7, "cost": 0.36444196003106616, "incumbent": ["clustering_choice=''DBSCAN''", "eps___DBSCAN='2.1256564043381108'", "min_samples___DBSCAN='26'"]}
{"cpu_time": 723.2004845142365, "total_cpu_time": null, "wallclock_time": 724.0251016616821, "evaluations": 12, "cost": 0.3294447277266253, "incumbent": ["clustering_choice=''DBSCAN''", "eps___DBSCAN='4.313440343343289'", "min_samples___DBSCAN='70'"]}
{"cpu_time": 724.2219014167786, "total_cpu_time": null, "wallclock_time": 725.2449862957001, "evaluations": 14, "cost": 0.3279104430808933, "incumbent": ["clustering_choice=''DBSCAN''", "eps___DBSCAN='4.888363294653612'", "min_samples___DBSCAN='92'"]}
{"cpu_time": 729.1868822574615, "total_cpu_time": null, "wallclock_time": 730.6338558197021, "evaluations": 20, "cost": 0.3267429222283896, "incumbent": ["clustering_choice=''DBSCAN''", "eps___DBSCAN='4.630635120836204'", "min_samples___DBSCAN='76'"]}
