{"ta_runs": 80, "wallclock_time_used": 3430.870597600937, "ta_time_used": 3425.322083711624, "inc_changed": 8, "_n_configs_per_intensify": 78, "_n_calls_of_intensify": 34, "_ema_n_configs_per_intensifiy": 2.3852792691738594, "_EMA_ALPHA": 0.2}