{"ta_runs": 80, "wallclock_time_used": 2539.404227733612, "ta_time_used": 2533.094790458679, "inc_changed": 8, "_n_configs_per_intensify": 78, "_n_calls_of_intensify": 38, "_ema_n_configs_per_intensifiy": 2.0455459197018966, "_EMA_ALPHA": 0.2}