{"cpu_time": 0, "total_cpu_time": null, "wallclock_time": 0.0001983642578125, "evaluations": 0, "cost": 2147483648, "incumbent": ["clustering_choice=''KMeans''", "n_clusters___KMeans='5'"]}
{"cpu_time": 180.09245824813843, "total_cpu_time": null, "wallclock_time": 180.11255192756653, "evaluations": 1, "cost": 2147483647.0, "incumbent": ["clustering_choice=''KMeans''", "n_clusters___KMeans='5'"]}
{"cpu_time": 361.1742923259735, "total_cpu_time": null, "wallclock_time": 361.4589147567749, "evaluations": 4, "cost": 0.35269033616542717, "incumbent": ["clustering_choice=''DBSCAN''", "eps___DBSCAN='4.536456874688381'", "min_samples___DBSCAN='95'"]}
{"cpu_time": 361.8415427207947, "total_cpu_time": null, "wallclock_time": 362.69433975219727, "evaluations": 12, "cost": 0.3511925652289087, "incumbent": ["clustering_choice=''DBSCAN''", "eps___DBSCAN='4.695515684800912'", "min_samples___DBSCAN='96'"]}
{"cpu_time": 905.8462910652161, "total_cpu_time": null, "wallclock_time": 907.9479954242706, "evaluations": 28, "cost": 0.35086982723531707, "incumbent": ["clustering_choice=''DBSCAN''", "eps___DBSCAN='4.496630298309541'", "min_samples___DBSCAN='18'"]}
{"cpu_time": 1266.6621804237366, "total_cpu_time": null, "wallclock_time": 1269.4221131801605, "evaluations": 36, "cost": 0.34808310382371443, "incumbent": ["clustering_choice=''DBSCAN''", "eps___DBSCAN='4.73811096123045'", "min_samples___DBSCAN='16'"]}
{"cpu_time": 1627.9667513370514, "total_cpu_time": null, "wallclock_time": 1631.7581522464752, "evaluations": 49, "cost": 0.34398159411328505, "incumbent": ["clustering_choice=''DBSCAN''", "eps___DBSCAN='4.8078272290898205'", "min_samples___DBSCAN='9'"]}
{"cpu_time": 1809.4746391773224, "total_cpu_time": null, "wallclock_time": 1813.6356394290924, "evaluations": 53, "cost": 0.3434160144972731, "incumbent": ["clustering_choice=''DBSCAN''", "eps___DBSCAN='4.806868467928543'", "min_samples___DBSCAN='8'"]}
{"cpu_time": 1810.845368862152, "total_cpu_time": null, "wallclock_time": 1815.2857654094696, "evaluations": 57, "cost": 0.3420089579230978, "incumbent": ["clustering_choice=''DBSCAN''", "eps___DBSCAN='4.856097254088745'", "min_samples___DBSCAN='7'"]}
