{"ta_runs": 80, "wallclock_time_used": 3974.5829906463623, "ta_time_used": 3968.473831176758, "inc_changed": 3, "_n_configs_per_intensify": 79, "_n_calls_of_intensify": 37, "_ema_n_configs_per_intensifiy": 2.6343597383680004, "_EMA_ALPHA": 0.2}