{"ta_runs": 80, "wallclock_time_used": 3627.511154651642, "ta_time_used": 3621.0187799930573, "inc_changed": 4, "_n_configs_per_intensify": 79, "_n_calls_of_intensify": 39, "_ema_n_configs_per_intensifiy": 2.000064903710732, "_EMA_ALPHA": 0.2}