{"ta_runs": 80, "wallclock_time_used": 4695.202750921249, "ta_time_used": 4689.402193546295, "inc_changed": 4, "_n_configs_per_intensify": 79, "_n_calls_of_intensify": 36, "_ema_n_configs_per_intensifiy": 2.0355503695859354, "_EMA_ALPHA": 0.2}