{"ta_runs": 80, "wallclock_time_used": 3430.767505645752, "ta_time_used": 3425.678391456604, "inc_changed": 3, "_n_configs_per_intensify": 79, "_n_calls_of_intensify": 30, "_ema_n_configs_per_intensifiy": 2.662339864137901, "_EMA_ALPHA": 0.2}