{"ta_runs": 80, "wallclock_time_used": 4524.114591121674, "ta_time_used": 4517.545276641846, "inc_changed": 6, "_n_configs_per_intensify": 78, "_n_calls_of_intensify": 38, "_ema_n_configs_per_intensifiy": 2.2002596148429276, "_EMA_ALPHA": 0.2}