{"ta_runs": 80, "wallclock_time_used": 1994.1936576366425, "ta_time_used": 1988.4489421844482, "inc_changed": 8, "_n_configs_per_intensify": 79, "_n_calls_of_intensify": 36, "_ema_n_configs_per_intensifiy": 2.272468241616019, "_EMA_ALPHA": 0.2}