{"ta_runs": 80, "wallclock_time_used": 1629.6529088020325, "ta_time_used": 1624.521236896515, "inc_changed": 5, "_n_configs_per_intensify": 78, "_n_calls_of_intensify": 30, "_ema_n_configs_per_intensifiy": 2.700461313198572, "_EMA_ALPHA": 0.2}