{"cpu_time": 0, "total_cpu_time": null, "wallclock_time": 0.00011610984802246094, "evaluations": 0, "cost": 2147483648, "incumbent": ["clustering_choice=''KMeans''", "n_clusters___KMeans='5'"]}
{"cpu_time": 180.10789036750793, "total_cpu_time": null, "wallclock_time": 180.12459063529968, "evaluations": 1, "cost": 2147483647.0, "incumbent": ["clustering_choice=''KMeans''", "n_clusters___KMeans='5'"]}
{"cpu_time": 540.4724807739258, "total_cpu_time": null, "wallclock_time": 540.8820424079895, "evaluations": 7, "cost": 0.4023188557668198, "incumbent": ["clustering_choice=''DBSCAN''", "eps___DBSCAN='2.1256564043381108'", "min_samples___DBSCAN='26'"]}
{"cpu_time": 541.0962073802948, "total_cpu_time": null, "wallclock_time": 542.1273803710938, "evaluations": 17, "cost": 0.33598241572071635, "incumbent": ["clustering_choice=''DBSCAN''", "eps___DBSCAN='4.370891705208234'", "min_samples___DBSCAN='71'"]}
{"cpu_time": 541.2184443473816, "total_cpu_time": null, "wallclock_time": 542.3778347969055, "evaluations": 20, "cost": 0.3009187118409516, "incumbent": ["clustering_choice=''DBSCAN''", "eps___DBSCAN='4.719207551897034'", "min_samples___DBSCAN='18'"]}
{"cpu_time": 1262.6527364253998, "total_cpu_time": null, "wallclock_time": 1265.3806211948395, "evaluations": 44, "cost": 0.30070448124105353, "incumbent": ["clustering_choice=''DBSCAN''", "eps___DBSCAN='4.737778485554447'", "min_samples___DBSCAN='13'"]}
