{"ta_runs": 80, "wallclock_time_used": 2898.7895057201385, "ta_time_used": 2892.6776254177094, "inc_changed": 3, "_n_configs_per_intensify": 79, "_n_calls_of_intensify": 39, "_ema_n_configs_per_intensifiy": 2.000064903710732, "_EMA_ALPHA": 0.2}