{"ta_runs": 80, "wallclock_time_used": 3430.8168416023254, "ta_time_used": 3425.4304678440094, "inc_changed": 4, "_n_configs_per_intensify": 79, "_n_calls_of_intensify": 34, "_ema_n_configs_per_intensifiy": 2.612705005928561, "_EMA_ALPHA": 0.2}