{"cpu_time": 0, "total_cpu_time": null, "wallclock_time": 9.799003601074219e-05, "evaluations": 0, "cost": 2147483648, "incumbent": ["clustering_choice=''KMeans''", "n_clusters___KMeans='5'"]}
{"cpu_time": 180.01125478744507, "total_cpu_time": null, "wallclock_time": 180.02665734291077, "evaluations": 1, "cost": 2147483647.0, "incumbent": ["clustering_choice=''KMeans''", "n_clusters___KMeans='5'"]}
{"cpu_time": 2162.4283204078674, "total_cpu_time": null, "wallclock_time": 2164.367030143738, "evaluations": 27, "cost": 0.3297974821075065, "incumbent": ["clustering_choice=''DBSCAN''", "eps___DBSCAN='4.947855389444931'", "min_samples___DBSCAN='13'"]}
{"cpu_time": 2342.5017652511597, "total_cpu_time": null, "wallclock_time": 2344.582512140274, "evaluations": 29, "cost": 0.30807032054412725, "incumbent": ["clustering_choice=''DBSCAN''", "eps___DBSCAN='4.010425897977792'", "min_samples___DBSCAN='5'"]}
{"cpu_time": 2522.883373975754, "total_cpu_time": null, "wallclock_time": 2525.350844144821, "evaluations": 35, "cost": 0.306930034005046, "incumbent": ["clustering_choice=''DBSCAN''", "eps___DBSCAN='4.213658098699105'", "min_samples___DBSCAN='35'"]}
