{"ta_runs": 80, "wallclock_time_used": 1991.442101240158, "ta_time_used": 1985.8820259571075, "inc_changed": 5, "_n_configs_per_intensify": 77, "_n_calls_of_intensify": 30, "_ema_n_configs_per_intensifiy": 2.616921692536389, "_EMA_ALPHA": 0.2}