{"ta_runs": 80, "wallclock_time_used": 4332.901628255844, "ta_time_used": 4326.868224620819, "inc_changed": 5, "_n_configs_per_intensify": 78, "_n_calls_of_intensify": 36, "_ema_n_configs_per_intensifiy": 2.2189921522892675, "_EMA_ALPHA": 0.2}