{"ta_runs": 80, "wallclock_time_used": 25.29936194419861, "ta_time_used": 19.924936532974243, "inc_changed": 3, "_n_configs_per_intensify": 78, "_n_calls_of_intensify": 34, "_ema_n_configs_per_intensifiy": 2.0737276536320017, "_EMA_ALPHA": 0.2}