{"ta_runs": 80, "wallclock_time_used": 3640.8665182590485, "ta_time_used": 3634.7419970035553, "inc_changed": 5, "_n_configs_per_intensify": 79, "_n_calls_of_intensify": 39, "_ema_n_configs_per_intensifiy": 2.0419430400000005, "_EMA_ALPHA": 0.2}