{"ta_runs": 80, "wallclock_time_used": 3443.295294523239, "ta_time_used": 3436.781879901886, "inc_changed": 5, "_n_configs_per_intensify": 78, "_n_calls_of_intensify": 36, "_ema_n_configs_per_intensifiy": 2.0554642708844506, "_EMA_ALPHA": 0.2}