{"cpu_time": 0, "total_cpu_time": null, "wallclock_time": 0.00014138221740722656, "evaluations": 0, "cost": 2147483648, "incumbent": ["clustering_choice=''KMeans''", "n_clusters___KMeans='5'"]}
{"cpu_time": 180.10491704940796, "total_cpu_time": null, "wallclock_time": 180.11947870254517, "evaluations": 1, "cost": 2147483647.0, "incumbent": ["clustering_choice=''KMeans''", "n_clusters___KMeans='5'"]}
{"cpu_time": 180.20415711402893, "total_cpu_time": null, "wallclock_time": 180.4270260334015, "evaluations": 2, "cost": 0.21508744176733705, "incumbent": ["clustering_choice=''DBSCAN''", "eps___DBSCAN='1.3234919029290428'", "min_samples___DBSCAN='78'"]}
{"cpu_time": 905.9548678398132, "total_cpu_time": null, "wallclock_time": 907.5480713844299, "evaluations": 23, "cost": 0.2089484995784893, "incumbent": ["clustering_choice=''DBSCAN''", "eps___DBSCAN='1.3671239708992613'", "min_samples___DBSCAN='77'"]}
{"cpu_time": 1266.266105413437, "total_cpu_time": null, "wallclock_time": 1268.2532370090485, "evaluations": 27, "cost": 0.20781052073019546, "incumbent": ["clustering_choice=''DBSCAN''", "eps___DBSCAN='1.409367637951053'", "min_samples___DBSCAN='78'"]}
{"cpu_time": 1626.7481038570404, "total_cpu_time": null, "wallclock_time": 1629.2475309371948, "evaluations": 34, "cost": 0.2077706037245579, "incumbent": ["clustering_choice=''DBSCAN''", "eps___DBSCAN='1.6280974050493313'", "min_samples___DBSCAN='83'"]}
