{"cpu_time": 0, "total_cpu_time": null, "wallclock_time": 0.00019311904907226562, "evaluations": 0, "cost": 2147483648, "incumbent": ["clustering_choice=''KMeans''", "n_clusters___KMeans='5'"]}
{"cpu_time": 5.9106903076171875, "total_cpu_time": null, "wallclock_time": 5.929031133651733, "evaluations": 1, "cost": 0.3517414238262528, "incumbent": ["clustering_choice=''KMeans''", "n_clusters___KMeans='5'"]}
{"cpu_time": 8.19656229019165, "total_cpu_time": null, "wallclock_time": 8.806317329406738, "evaluations": 8, "cost": 0.34827434333216534, "incumbent": ["clustering_choice=''DBSCAN''", "eps___DBSCAN='3.2158801326824586'", "min_samples___DBSCAN='65'"]}
{"cpu_time": 8.81272268295288, "total_cpu_time": null, "wallclock_time": 9.688586711883545, "evaluations": 12, "cost": 0.3479856949220533, "incumbent": ["clustering_choice=''DBSCAN''", "eps___DBSCAN='3.9093582692623983'", "min_samples___DBSCAN='76'"]}
{"cpu_time": 13.632389545440674, "total_cpu_time": null, "wallclock_time": 15.120602130889893, "evaluations": 20, "cost": 0.3410617015381215, "incumbent": ["clustering_choice=''DBSCAN''", "eps___DBSCAN='4.185802409148787'", "min_samples___DBSCAN='95'"]}
{"cpu_time": 21.27146315574646, "total_cpu_time": null, "wallclock_time": 22.91381812095642, "evaluations": 23, "cost": 0.33854532328623077, "incumbent": ["clustering_choice=''MiniBatchKMeans''", "batch_size___MiniBatchKMeans='706'", "n_clusters___MiniBatchKMeans='3'"]}
{"cpu_time": 25.566790342330933, "total_cpu_time": null, "wallclock_time": 28.31486201286316, "evaluations": 37, "cost": 0.33836559084631185, "incumbent": ["clustering_choice=''DBSCAN''", "eps___DBSCAN='3.828048338693986'", "min_samples___DBSCAN='14'"]}
{"cpu_time": 27.639124870300293, "total_cpu_time": null, "wallclock_time": 31.01116108894348, "evaluations": 44, "cost": 0.3341238129363128, "incumbent": ["clustering_choice=''DBSCAN''", "eps___DBSCAN='4.489310876371648'", "min_samples___DBSCAN='12'"]}
{"cpu_time": 35.146886587142944, "total_cpu_time": null, "wallclock_time": 39.604732036590576, "evaluations": 58, "cost": 0.3292407581853623, "incumbent": ["clustering_choice=''DBSCAN''", "eps___DBSCAN='4.2187679325496505'", "min_samples___DBSCAN='14'"]}
{"cpu_time": 46.592278718948364, "total_cpu_time": null, "wallclock_time": 52.16924810409546, "evaluations": 73, "cost": 0.31549217972040516, "incumbent": ["clustering_choice=''Birch''", "branching_factor___Birch='769'", "n_clusters___Birch='3'"]}
