{"ta_runs": 80, "wallclock_time_used": 3835.85276722908, "ta_time_used": 3829.6515731811523, "inc_changed": 4, "_n_configs_per_intensify": 79, "_n_calls_of_intensify": 39, "_ema_n_configs_per_intensifiy": 2.0214748364800004, "_EMA_ALPHA": 0.2}