{"ta_runs": 80, "wallclock_time_used": 3076.7447192668915, "ta_time_used": 3070.4290289878845, "inc_changed": 3, "_n_configs_per_intensify": 75, "_n_calls_of_intensify": 33, "_ema_n_configs_per_intensifiy": 2.4735704041126407, "_EMA_ALPHA": 0.2}