{"ta_runs": 80, "wallclock_time_used": 2533.1682755947113, "ta_time_used": 2526.3054456710815, "inc_changed": 3, "_n_configs_per_intensify": 78, "_n_calls_of_intensify": 37, "_ema_n_configs_per_intensifiy": 2.0839806661944595, "_EMA_ALPHA": 0.2}