{"ta_runs": 80, "wallclock_time_used": 2170.4673080444336, "ta_time_used": 2165.0421307086945, "inc_changed": 3, "_n_configs_per_intensify": 78, "_n_calls_of_intensify": 33, "_ema_n_configs_per_intensifiy": 2.1560884218254377, "_EMA_ALPHA": 0.2}