{"cpu_time": 0, "total_cpu_time": null, "wallclock_time": 0.00018644332885742188, "evaluations": 0, "cost": 2147483648, "incumbent": ["clustering_choice=''KMeans''", "n_clusters___KMeans='5'"]}
{"cpu_time": 180.09676313400269, "total_cpu_time": null, "wallclock_time": 180.1164972782135, "evaluations": 1, "cost": 2147483647.0, "incumbent": ["clustering_choice=''KMeans''", "n_clusters___KMeans='5'"]}
{"cpu_time": 182.32782816886902, "total_cpu_time": null, "wallclock_time": 182.8579511642456, "evaluations": 7, "cost": 0.3370943344888677, "incumbent": ["clustering_choice=''DBSCAN''", "eps___DBSCAN='2.1256564043381108'", "min_samples___DBSCAN='26'"]}
{"cpu_time": 362.97005462646484, "total_cpu_time": null, "wallclock_time": 363.9352431297302, "evaluations": 12, "cost": 0.3103282340045728, "incumbent": ["clustering_choice=''DBSCAN''", "eps___DBSCAN='4.037410512330955'", "min_samples___DBSCAN='44'"]}
{"cpu_time": 1633.6098816394806, "total_cpu_time": null, "wallclock_time": 1637.4198729991913, "evaluations": 46, "cost": 0.31011570756127266, "incumbent": ["clustering_choice=''DBSCAN''", "eps___DBSCAN='4.044071379192264'", "min_samples___DBSCAN='6'"]}
{"cpu_time": 1826.969669342041, "total_cpu_time": null, "wallclock_time": 1831.3597040176392, "evaluations": 53, "cost": 0.29193612845055816, "incumbent": ["clustering_choice=''DBSCAN''", "eps___DBSCAN='3.6885177217099505'", "min_samples___DBSCAN='41'"]}
