{"ta_runs": 80, "wallclock_time_used": 2531.0033462047577, "ta_time_used": 2525.556554079056, "inc_changed": 5, "_n_configs_per_intensify": 79, "_n_calls_of_intensify": 33, "_ema_n_configs_per_intensifiy": 2.4562384767124144, "_EMA_ALPHA": 0.2}