{"ta_runs": 80, "wallclock_time_used": 3432.7118859291077, "ta_time_used": 3426.7471449375153, "inc_changed": 4, "_n_configs_per_intensify": 78, "_n_calls_of_intensify": 36, "_ema_n_configs_per_intensifiy": 2.180211502810763, "_EMA_ALPHA": 0.2}