{"ta_runs": 80, "wallclock_time_used": 2351.181280851364, "ta_time_used": 2345.2310070991516, "inc_changed": 3, "_n_configs_per_intensify": 79, "_n_calls_of_intensify": 36, "_ema_n_configs_per_intensifiy": 2.3662906167493865, "_EMA_ALPHA": 0.2}