{"ta_runs": 80, "wallclock_time_used": 3612.356410741806, "ta_time_used": 3606.5575075149536, "inc_changed": 6, "_n_configs_per_intensify": 76, "_n_calls_of_intensify": 34, "_ema_n_configs_per_intensifiy": 2.325952746403458, "_EMA_ALPHA": 0.2}