{"ta_runs": 80, "wallclock_time_used": 2900.105311155319, "ta_time_used": 2894.1397638320923, "inc_changed": 3, "_n_configs_per_intensify": 79, "_n_calls_of_intensify": 38, "_ema_n_configs_per_intensifiy": 2.2578446744073712, "_EMA_ALPHA": 0.2}