{"ta_runs": 80, "wallclock_time_used": 4149.018429994583, "ta_time_used": 4143.818704843521, "inc_changed": 7, "_n_configs_per_intensify": 79, "_n_calls_of_intensify": 31, "_ema_n_configs_per_intensifiy": 2.2449126151676224, "_EMA_ALPHA": 0.2}