{"cpu_time": 0, "total_cpu_time": null, "wallclock_time": 0.0001742839813232422, "evaluations": 0, "cost": 2147483648, "incumbent": ["clustering_choice=''KMeans''", "n_clusters___KMeans='5'"]}
{"cpu_time": 180.02397346496582, "total_cpu_time": null, "wallclock_time": 180.04367208480835, "evaluations": 1, "cost": 2147483647.0, "incumbent": ["clustering_choice=''KMeans''", "n_clusters___KMeans='5'"]}
{"cpu_time": 363.092232465744, "total_cpu_time": null, "wallclock_time": 363.4595639705658, "evaluations": 5, "cost": 0.45118591081455844, "incumbent": ["clustering_choice=''DBSCAN''", "eps___DBSCAN='0.8060641411534598'", "min_samples___DBSCAN='67'"]}
{"cpu_time": 543.6819767951965, "total_cpu_time": null, "wallclock_time": 544.1924467086792, "evaluations": 7, "cost": 0.4076734082919385, "incumbent": ["clustering_choice=''DBSCAN''", "eps___DBSCAN='2.1256564043381108'", "min_samples___DBSCAN='26'"]}
{"cpu_time": 726.7621421813965, "total_cpu_time": null, "wallclock_time": 727.7675330638885, "evaluations": 14, "cost": 0.3728279722947581, "incumbent": ["clustering_choice=''DBSCAN''", "eps___DBSCAN='2.1529742925635675'", "min_samples___DBSCAN='68'"]}
{"cpu_time": 1274.7087724208832, "total_cpu_time": null, "wallclock_time": 1276.8369665145874, "evaluations": 28, "cost": 0.3726389721422885, "incumbent": ["clustering_choice=''DBSCAN''", "eps___DBSCAN='2.2010048044208244'", "min_samples___DBSCAN='67'"]}
{"cpu_time": 1455.7459347248077, "total_cpu_time": null, "wallclock_time": 1458.151976108551, "evaluations": 32, "cost": 0.35545402212308225, "incumbent": ["clustering_choice=''DBSCAN''", "eps___DBSCAN='3.0227609807759728'", "min_samples___DBSCAN='68'"]}
{"cpu_time": 2914.730631351471, "total_cpu_time": null, "wallclock_time": 2920.581612110138, "evaluations": 75, "cost": 0.3551323375799367, "incumbent": ["clustering_choice=''DBSCAN''", "eps___DBSCAN='3.0624158989672785'", "min_samples___DBSCAN='78'"]}
{"cpu_time": 2916.188074827194, "total_cpu_time": null, "wallclock_time": 2922.3562858104706, "evaluations": 78, "cost": 0.349210614810632, "incumbent": ["clustering_choice=''DBSCAN''", "eps___DBSCAN='3.1621502111305984'", "min_samples___DBSCAN='70'"]}
