{"ta_runs": 80, "wallclock_time_used": 2556.7024133205414, "ta_time_used": 2550.3781707286835, "inc_changed": 3, "_n_configs_per_intensify": 79, "_n_calls_of_intensify": 38, "_ema_n_configs_per_intensifiy": 2.0381391612657853, "_EMA_ALPHA": 0.2}