{"ta_runs": 80, "wallclock_time_used": 3070.9717745780945, "ta_time_used": 3065.217286348343, "inc_changed": 4, "_n_configs_per_intensify": 79, "_n_calls_of_intensify": 32, "_ema_n_configs_per_intensifiy": 2.54533055539176, "_EMA_ALPHA": 0.2}