{"ta_runs": 80, "wallclock_time_used": 3437.5319492816925, "ta_time_used": 3431.5335958004, "inc_changed": 8, "_n_configs_per_intensify": 79, "_n_calls_of_intensify": 38, "_ema_n_configs_per_intensifiy": 2.2880649037107323, "_EMA_ALPHA": 0.2}