{"ta_runs": 80, "wallclock_time_used": 3608.791024208069, "ta_time_used": 3603.6915719509125, "inc_changed": 3, "_n_configs_per_intensify": 79, "_n_calls_of_intensify": 31, "_ema_n_configs_per_intensifiy": 2.4054174126861767, "_EMA_ALPHA": 0.2}