{"cpu_time": 0, "total_cpu_time": null, "wallclock_time": 0.00030803680419921875, "evaluations": 0, "cost": 2147483648, "incumbent": ["clustering_choice=''KMeans''", "n_clusters___KMeans='5'"]}
{"cpu_time": 180.06849145889282, "total_cpu_time": null, "wallclock_time": 180.08654260635376, "evaluations": 1, "cost": 2147483647.0, "incumbent": ["clustering_choice=''KMeans''", "n_clusters___KMeans='5'"]}
{"cpu_time": 360.3997759819031, "total_cpu_time": null, "wallclock_time": 360.86007380485535, "evaluations": 7, "cost": 0.24576354484480545, "incumbent": ["clustering_choice=''DBSCAN''", "eps___DBSCAN='2.1256564043381108'", "min_samples___DBSCAN='26'"]}
{"cpu_time": 3063.039571762085, "total_cpu_time": null, "wallclock_time": 3067.1306982040405, "evaluations": 64, "cost": 0.137918069889944, "incumbent": ["clustering_choice=''DBSCAN''", "eps___DBSCAN='1.3427640856650684'", "min_samples___DBSCAN='9'"]}
