{"ta_runs": 80, "wallclock_time_used": 2902.8554425239563, "ta_time_used": 2896.823105096817, "inc_changed": 5, "_n_configs_per_intensify": 79, "_n_calls_of_intensify": 35, "_ema_n_configs_per_intensifiy": 2.402420241322792, "_EMA_ALPHA": 0.2}