{"ta_runs": 80, "wallclock_time_used": 2899.183624982834, "ta_time_used": 2892.581518650055, "inc_changed": 2, "_n_configs_per_intensify": 78, "_n_calls_of_intensify": 38, "_ema_n_configs_per_intensifiy": 2.002565457852141, "_EMA_ALPHA": 0.2}