{"ta_runs": 80, "wallclock_time_used": 2537.7926301956177, "ta_time_used": 2531.9277815818787, "inc_changed": 7, "_n_configs_per_intensify": 78, "_n_calls_of_intensify": 36, "_ema_n_configs_per_intensifiy": 2.1075189264360676, "_EMA_ALPHA": 0.2}