{"ta_runs": 80, "wallclock_time_used": 4150.215715885162, "ta_time_used": 4144.864385843277, "inc_changed": 6, "_n_configs_per_intensify": 79, "_n_calls_of_intensify": 32, "_ema_n_configs_per_intensifiy": 3.1350279631930125, "_EMA_ALPHA": 0.2}