{"cpu_time": 0, "total_cpu_time": null, "wallclock_time": 0.00017952919006347656, "evaluations": 0, "cost": 2147483648, "incumbent": ["clustering_choice=''KMeans''", "n_clusters___KMeans='5'"]}
{"cpu_time": 180.10725212097168, "total_cpu_time": null, "wallclock_time": 180.12637543678284, "evaluations": 1, "cost": 2147483647.0, "incumbent": ["clustering_choice=''KMeans''", "n_clusters___KMeans='5'"]}
{"cpu_time": 542.9251484870911, "total_cpu_time": null, "wallclock_time": 543.2156147956848, "evaluations": 5, "cost": 0.21389837813620893, "incumbent": ["clustering_choice=''DBSCAN''", "eps___DBSCAN='0.8060641411534598'", "min_samples___DBSCAN='67'"]}
{"cpu_time": 2184.790406227112, "total_cpu_time": null, "wallclock_time": 2188.3642916679382, "evaluations": 48, "cost": 0.21336278849175314, "incumbent": ["clustering_choice=''DBSCAN''", "eps___DBSCAN='1.5195407795281943'", "min_samples___DBSCAN='99'"]}
