{"ta_runs": 80, "wallclock_time_used": 1818.5528964996338, "ta_time_used": 1812.890117406845, "inc_changed": 6, "_n_configs_per_intensify": 78, "_n_calls_of_intensify": 35, "_ema_n_configs_per_intensifiy": 2.2582425551263015, "_EMA_ALPHA": 0.2}