{"ta_runs": 80, "wallclock_time_used": 2170.3968517780304, "ta_time_used": 2165.2745475769043, "inc_changed": 7, "_n_configs_per_intensify": 77, "_n_calls_of_intensify": 30, "_ema_n_configs_per_intensifiy": 2.3750603186771686, "_EMA_ALPHA": 0.2}