{"ta_runs": 80, "wallclock_time_used": 2355.223631620407, "ta_time_used": 2348.543236017227, "inc_changed": 4, "_n_configs_per_intensify": 78, "_n_calls_of_intensify": 36, "_ema_n_configs_per_intensifiy": 2.019442757031002, "_EMA_ALPHA": 0.2}