{"ta_runs": 80, "wallclock_time_used": 2918.5586652755737, "ta_time_used": 2911.6558685302734, "inc_changed": 5, "_n_configs_per_intensify": 79, "_n_calls_of_intensify": 38, "_ema_n_configs_per_intensifiy": 2.029904967246473, "_EMA_ALPHA": 0.2}