{"cpu_time": 0, "total_cpu_time": null, "wallclock_time": 0.00014257431030273438, "evaluations": 0, "cost": 2147483648, "incumbent": ["clustering_choice=''KMeans''", "n_clusters___KMeans='5'"]}
{"cpu_time": 180.04187107086182, "total_cpu_time": null, "wallclock_time": 180.05604910850525, "evaluations": 1, "cost": 2147483647.0, "incumbent": ["clustering_choice=''KMeans''", "n_clusters___KMeans='5'"]}
{"cpu_time": 361.0697453022003, "total_cpu_time": null, "wallclock_time": 361.44529581069946, "evaluations": 5, "cost": 0.20370600081743226, "incumbent": ["clustering_choice=''DBSCAN''", "eps___DBSCAN='0.8060641411534598'", "min_samples___DBSCAN='67'"]}
{"cpu_time": 545.7130084037781, "total_cpu_time": null, "wallclock_time": 547.3133914470673, "evaluations": 20, "cost": 0.17688688343716366, "incumbent": ["clustering_choice=''DBSCAN''", "eps___DBSCAN='0.5420325378202152'", "min_samples___DBSCAN='83'"]}
{"cpu_time": 1627.1490745544434, "total_cpu_time": null, "wallclock_time": 1630.1565730571747, "evaluations": 37, "cost": 0.16941165603081185, "incumbent": ["clustering_choice=''DBSCAN''", "eps___DBSCAN='0.5833326454160228'", "min_samples___DBSCAN='94'"]}
{"cpu_time": 1989.573447227478, "total_cpu_time": null, "wallclock_time": 1993.594919204712, "evaluations": 49, "cost": 0.16840608771309085, "incumbent": ["clustering_choice=''DBSCAN''", "eps___DBSCAN='0.5987908040118385'", "min_samples___DBSCAN='97'"]}
