{"ta_runs": 80, "wallclock_time_used": 3435.133512735367, "ta_time_used": 3428.987478494644, "inc_changed": 3, "_n_configs_per_intensify": 79, "_n_calls_of_intensify": 38, "_ema_n_configs_per_intensifiy": 2.0113358607591016, "_EMA_ALPHA": 0.2}