{"cpu_time": 0, "total_cpu_time": null, "wallclock_time": 0.00010848045349121094, "evaluations": 0, "cost": 2147483648, "incumbent": ["clustering_choice=''KMeans''", "n_clusters___KMeans='5'"]}
{"cpu_time": 180.00763821601868, "total_cpu_time": null, "wallclock_time": 180.02316880226135, "evaluations": 1, "cost": 2147483647.0, "incumbent": ["clustering_choice=''KMeans''", "n_clusters___KMeans='5'"]}
{"cpu_time": 181.22975182533264, "total_cpu_time": null, "wallclock_time": 181.49630689620972, "evaluations": 4, "cost": 0.2551389935090455, "incumbent": ["clustering_choice=''Birch''", "branching_factor___Birch='513'", "n_clusters___Birch='2'"]}
{"cpu_time": 181.32909536361694, "total_cpu_time": null, "wallclock_time": 181.6146800518036, "evaluations": 5, "cost": 0.14589709318802982, "incumbent": ["clustering_choice=''DBSCAN''", "eps___DBSCAN='0.8060641411534598'", "min_samples___DBSCAN='67'"]}
{"cpu_time": 545.9096865653992, "total_cpu_time": null, "wallclock_time": 547.5092308521271, "evaluations": 22, "cost": 0.1369527122712905, "incumbent": ["clustering_choice=''DBSCAN''", "eps___DBSCAN='0.5128790631372512'", "min_samples___DBSCAN='56'"]}
{"cpu_time": 1821.5860495567322, "total_cpu_time": null, "wallclock_time": 1825.3580977916718, "evaluations": 51, "cost": 0.1316528181071697, "incumbent": ["clustering_choice=''Birch''", "branching_factor___Birch='978'", "n_clusters___Birch='4'"]}
