{"ta_runs": 80, "wallclock_time_used": 13.380223512649536, "ta_time_used": 7.8784401416778564, "inc_changed": 1, "_n_configs_per_intensify": 78, "_n_calls_of_intensify": 33, "_ema_n_configs_per_intensifiy": 2.804377588303436, "_EMA_ALPHA": 0.2}