{"ta_runs": 80, "wallclock_time_used": 3102.740870952606, "ta_time_used": 3096.4310257434845, "inc_changed": 5, "_n_configs_per_intensify": 78, "_n_calls_of_intensify": 38, "_ema_n_configs_per_intensifiy": 2.0106397541196634, "_EMA_ALPHA": 0.2}