{"ta_runs": 80, "wallclock_time_used": 2385.692991733551, "ta_time_used": 2379.5885725021362, "inc_changed": 7, "_n_configs_per_intensify": 79, "_n_calls_of_intensify": 39, "_ema_n_configs_per_intensifiy": 2.1024000000000003, "_EMA_ALPHA": 0.2}