{"ta_runs": 80, "wallclock_time_used": 2530.6767342090607, "ta_time_used": 2525.1741228103638, "inc_changed": 4, "_n_configs_per_intensify": 78, "_n_calls_of_intensify": 32, "_ema_n_configs_per_intensifiy": 2.122375653740694, "_EMA_ALPHA": 0.2}