{"ta_runs": 80, "wallclock_time_used": 3790.9750814437866, "ta_time_used": 3785.498155593872, "inc_changed": 3, "_n_configs_per_intensify": 78, "_n_calls_of_intensify": 32, "_ema_n_configs_per_intensifiy": 2.348928553692111, "_EMA_ALPHA": 0.2}