{"ta_runs": 80, "wallclock_time_used": 1990.709175825119, "ta_time_used": 1985.2894668579102, "inc_changed": 5, "_n_configs_per_intensify": 79, "_n_calls_of_intensify": 32, "_ema_n_configs_per_intensifiy": 2.7947448866086373, "_EMA_ALPHA": 0.2}