{"ta_runs": 80, "wallclock_time_used": 5072.982690811157, "ta_time_used": 5066.9743683338165, "inc_changed": 2, "_n_configs_per_intensify": 79, "_n_calls_of_intensify": 39, "_ema_n_configs_per_intensifiy": 2.0268435456000002, "_EMA_ALPHA": 0.2}