{"ta_runs": 80, "wallclock_time_used": 57.45534563064575, "ta_time_used": 51.74893879890442, "inc_changed": 4, "_n_configs_per_intensify": 79, "_n_calls_of_intensify": 38, "_ema_n_configs_per_intensifiy": 2.2684183037615178, "_EMA_ALPHA": 0.2}