{"ta_runs": 80, "wallclock_time_used": 5772.320541858673, "ta_time_used": 5765.8858761787415, "inc_changed": 4, "_n_configs_per_intensify": 79, "_n_calls_of_intensify": 37, "_ema_n_configs_per_intensifiy": 2.090854354142376, "_EMA_ALPHA": 0.2}