{"ta_runs": 80, "wallclock_time_used": 37.015265464782715, "ta_time_used": 31.7269024848938, "inc_changed": 2, "_n_configs_per_intensify": 79, "_n_calls_of_intensify": 37, "_ema_n_configs_per_intensifiy": 2.124318640399975, "_EMA_ALPHA": 0.2}