{"ta_runs": 80, "wallclock_time_used": 3452.2568089962006, "ta_time_used": 3446.031172275543, "inc_changed": 5, "_n_configs_per_intensify": 77, "_n_calls_of_intensify": 38, "_ema_n_configs_per_intensifiy": 2.0214748364800004, "_EMA_ALPHA": 0.2}