{"ta_runs": 80, "wallclock_time_used": 3797.5228848457336, "ta_time_used": 3791.081022500992, "inc_changed": 3, "_n_configs_per_intensify": 78, "_n_calls_of_intensify": 38, "_ema_n_configs_per_intensifiy": 2.0870108364800006, "_EMA_ALPHA": 0.2}