{"ta_runs": 80, "wallclock_time_used": 2361.8776149749756, "ta_time_used": 2355.6101157665253, "inc_changed": 4, "_n_configs_per_intensify": 79, "_n_calls_of_intensify": 38, "_ema_n_configs_per_intensifiy": 2.065932140812572, "_EMA_ALPHA": 0.2}