{"ta_runs": 80, "wallclock_time_used": 117.88200068473816, "ta_time_used": 111.85801577568054, "inc_changed": 3, "_n_configs_per_intensify": 79, "_n_calls_of_intensify": 39, "_ema_n_configs_per_intensifiy": 2.0419430400000005, "_EMA_ALPHA": 0.2}