{"ta_runs": 80, "wallclock_time_used": 2897.840108394623, "ta_time_used": 2891.624048233032, "inc_changed": 4, "_n_configs_per_intensify": 78, "_n_calls_of_intensify": 35, "_ema_n_configs_per_intensifiy": 2.174344840956031, "_EMA_ALPHA": 0.2}