{"ta_runs": 80, "wallclock_time_used": 3791.8741986751556, "ta_time_used": 3785.8173818588257, "inc_changed": 4, "_n_configs_per_intensify": 77, "_n_calls_of_intensify": 34, "_ema_n_configs_per_intensifiy": 2.2590381288629215, "_EMA_ALPHA": 0.2}