{"cpu_time": 0, "total_cpu_time": null, "wallclock_time": 0.0002033710479736328, "evaluations": 0, "cost": 2147483648, "incumbent": ["clustering_choice=''KMeans''", "n_clusters___KMeans='5'"]}
{"cpu_time": 180.1078860759735, "total_cpu_time": null, "wallclock_time": 180.1238067150116, "evaluations": 1, "cost": 2147483647.0, "incumbent": ["clustering_choice=''KMeans''", "n_clusters___KMeans='5'"]}
{"cpu_time": 181.67475819587708, "total_cpu_time": null, "wallclock_time": 181.97875785827637, "evaluations": 5, "cost": 0.27772080211204825, "incumbent": ["clustering_choice=''DBSCAN''", "eps___DBSCAN='0.8060641411534598'", "min_samples___DBSCAN='67'"]}
{"cpu_time": 1087.9214370250702, "total_cpu_time": null, "wallclock_time": 1089.625018119812, "evaluations": 22, "cost": 0.2627936950802039, "incumbent": ["clustering_choice=''DBSCAN''", "eps___DBSCAN='1.259702078364198'", "min_samples___DBSCAN='70'"]}
{"cpu_time": 1448.4802646636963, "total_cpu_time": null, "wallclock_time": 1450.5058488845825, "evaluations": 26, "cost": 0.2625328658528447, "incumbent": ["clustering_choice=''DBSCAN''", "eps___DBSCAN='1.2800554052040944'", "min_samples___DBSCAN='100'"]}
{"cpu_time": 1812.862738609314, "total_cpu_time": null, "wallclock_time": 1815.5810632705688, "evaluations": 35, "cost": 0.26242744505149446, "incumbent": ["clustering_choice=''OPTICS''", "cluster_method___OPTICS=''xi''", "metric___OPTICS=''minkowski''", "min_samples___OPTICS='279'"]}
