{"ta_runs": 80, "wallclock_time_used": 4874.029301166534, "ta_time_used": 4867.408746957779, "inc_changed": 3, "_n_configs_per_intensify": 79, "_n_calls_of_intensify": 35, "_ema_n_configs_per_intensifiy": 2.417109207055535, "_EMA_ALPHA": 0.2}