{"ta_runs": 80, "wallclock_time_used": 2722.8553063869476, "ta_time_used": 2716.5770819187164, "inc_changed": 3, "_n_configs_per_intensify": 78, "_n_calls_of_intensify": 38, "_ema_n_configs_per_intensifiy": 2.0233195108873714, "_EMA_ALPHA": 0.2}