{"ta_runs": 80, "wallclock_time_used": 2734.445317029953, "ta_time_used": 2727.656296491623, "inc_changed": 4, "_n_configs_per_intensify": 79, "_n_calls_of_intensify": 39, "_ema_n_configs_per_intensifiy": 2.0028823037615178, "_EMA_ALPHA": 0.2}