{"ta_runs": 80, "wallclock_time_used": 22.48463749885559, "ta_time_used": 17.02231502532959, "inc_changed": 4, "_n_configs_per_intensify": 79, "_n_calls_of_intensify": 38, "_ema_n_configs_per_intensifiy": 2.082468474038578, "_EMA_ALPHA": 0.2}