{"ta_runs": 80, "wallclock_time_used": 3258.7394058704376, "ta_time_used": 3251.893402338028, "inc_changed": 4, "_n_configs_per_intensify": 79, "_n_calls_of_intensify": 37, "_ema_n_configs_per_intensifiy": 2.432345442636585, "_EMA_ALPHA": 0.2}