{"ta_runs": 80, "wallclock_time_used": 3973.576631784439, "ta_time_used": 3967.6316227912903, "inc_changed": 6, "_n_configs_per_intensify": 78, "_n_calls_of_intensify": 35, "_ema_n_configs_per_intensifiy": 2.2112845195605244, "_EMA_ALPHA": 0.2}