{"ta_runs": 80, "wallclock_time_used": 13.02363634109497, "ta_time_used": 7.8772923946380615, "inc_changed": 2, "_n_configs_per_intensify": 79, "_n_calls_of_intensify": 33, "_ema_n_configs_per_intensifiy": 2.405803747514819, "_EMA_ALPHA": 0.2}