{"ta_runs": 80, "wallclock_time_used": 2350.663276195526, "ta_time_used": 2345.1452012062073, "inc_changed": 6, "_n_configs_per_intensify": 79, "_n_calls_of_intensify": 34, "_ema_n_configs_per_intensifiy": 2.1894576656686535, "_EMA_ALPHA": 0.2}