{"ta_runs": 80, "wallclock_time_used": 20.61315083503723, "ta_time_used": 14.82306718826294, "inc_changed": 3, "_n_configs_per_intensify": 78, "_n_calls_of_intensify": 36, "_ema_n_configs_per_intensifiy": 2.0188999321293988, "_EMA_ALPHA": 0.2}