{"ta_runs": 80, "wallclock_time_used": 3248.99902009964, "ta_time_used": 3244.1182062625885, "inc_changed": 5, "_n_configs_per_intensify": 77, "_n_calls_of_intensify": 27, "_ema_n_configs_per_intensifiy": 2.803487264795386, "_EMA_ALPHA": 0.2}